Node_ID,Crisp_Class,Fuzzy_C1,Fuzzy_C2
0,1,0.0,1.0
1,1,0.0,1.0
2,1,0.0,1.0
3,0,1.0,0.0
4,1,0.16,0.84
5,0,1.0,0.0
6,0,1.0,0.0
7,1,0.0,1.0
8,1,0.0,1.0
9,0,1.0,0.0
10,0,1.0,0.0
11,0,1.0,0.0
12,1,0.0,1.0
13,1,0.0,1.0
14,1,0.0,1.0
15,1,0.0,1.0
16,0,1.0,0.0
17,1,0.0,1.0
18,0,1.0,0.0
19,1,0.0,1.0
20,1,0.08,0.92
21,1,0.0,1.0
22,1,0.0,1.0
23,1,0.0,1.0
24,1,0.0,1.0
25,1,0.0,1.0
26,1,0.0,1.0
27,1,0.3,0.7
28,0,1.0,0.0
29,1,0.0,1.0
30,1,0.4917411,0.5082589
31,1,0.0,1.0
32,0,0.51519614,0.4848039
33,1,0.0,1.0
34,0,1.0,0.0
35,0,1.0,0.0
36,0,1.0,0.0
37,1,0.13333334,0.8666667
38,1,0.1,0.9
39,1,0.0,1.0
40,1,0.0,1.0
41,1,0.0,1.0
42,1,0.0,1.0
43,1,0.0,1.0
44,1,0.0,1.0
45,1,0.06666667,0.93333334
46,0,1.0,0.0
47,1,0.0,1.0
48,1,0.0,1.0
49,1,0.0,1.0
50,1,0.0,1.0
51,1,0.0,1.0
52,0,1.0,0.0
53,0,1.0,0.0
54,0,0.4737249,0.5262751
55,1,0.3,0.7
56,1,0.0,1.0
57,1,0.4,0.6
58,0,1.0,0.0
59,0,1.0,0.0
60,0,0.73333335,0.26666668
61,0,0.76,0.24
62,0,1.0,0.0
63,1,0.0,1.0
64,0,1.0,0.0
65,0,1.0,0.0
66,1,0.0,1.0
67,1,0.0,1.0
68,0,0.8666667,0.13333334
69,1,0.22857143,0.7714286
70,1,0.0,1.0
71,0,0.8666667,0.13333334
72,0,1.0,0.0
73,0,1.0,0.0
74,0,1.0,0.0
75,1,0.0,1.0
76,1,0.26666668,0.73333335
77,1,0.4,0.6
78,1,0.0,1.0
79,0,0.46743664,0.5325633
80,0,1.0,0.0
81,0,1.0,0.0
82,1,0.0,1.0
83,0,1.0,0.0
84,1,0.0,1.0
85,0,0.8666667,0.13333334
86,1,0.1,0.9
87,1,0.13333334,0.8666667
88,0,0.7222222,0.2777778
89,1,0.0,1.0
90,0,1.0,0.0
91,1,0.0,1.0
92,1,0.0,1.0
93,1,0.0,1.0
94,0,0.7090909,0.29090908
95,0,0.9809524,0.01904762
96,1,0.0,1.0
97,1,0.0,1.0
98,0,1.0,0.0
99,1,0.0,1.0
100,0,1.0,0.0
101,0,0.8666667,0.13333334
102,0,0.85,0.15
103,0,1.0,0.0
104,0,0.51334035,0.48665962
105,0,1.0,0.0
106,1,0.0,1.0
107,1,0.0,1.0
108,1,0.0,1.0
109,0,0.95,0.05
110,0,1.0,0.0
111,0,1.0,0.0
112,0,1.0,0.0
113,1,0.0,1.0
114,1,0.0,1.0
115,1,0.0,1.0
116,1,0.0,1.0
117,1,0.0,1.0
118,1,0.10526316,0.8947368
119,1,0.0,1.0
120,1,0.0,1.0
121,0,0.94285715,0.057142857
122,1,0.0,1.0
123,1,0.0,1.0
124,0,0.92,0.08
125,1,0.0,1.0
126,0,1.0,0.0
127,1,0.0,1.0
128,1,0.0,1.0
129,1,0.0,1.0
130,1,0.13333334,0.8666667
131,0,1.0,0.0
132,1,0.0,1.0
133,0,1.0,0.0
134,0,1.0,0.0
135,0,1.0,0.0
136,0,1.0,0.0
137,0,1.0,0.0
138,0,1.0,0.0
139,0,1.0,0.0
140,1,0.0,1.0
141,1,0.0,1.0
142,0,1.0,0.0
143,1,0.0,1.0
144,1,0.0,1.0
145,1,0.0,1.0
146,0,0.92,0.08
147,1,0.0,1.0
148,1,0.0,1.0
149,0,0.9,0.1
150,1,0.0,1.0
151,1,0.0,1.0
152,1,0.0,1.0
153,0,1.0,0.0
154,0,1.0,0.0
155,0,1.0,0.0
156,0,1.0,0.0
157,1,0.0,1.0
158,1,0.0,1.0
159,1,0.0,1.0
160,1,0.0,1.0
161,0,1.0,0.0
162,1,0.32,0.68
163,1,0.0,1.0
164,0,0.5228216,0.47717836
165,1,0.0,1.0
166,1,0.0,1.0
167,1,0.0,1.0
168,1,0.0,1.0
169,1,0.0,1.0
170,0,1.0,0.0
171,1,0.0,1.0
172,1,0.0,1.0
173,0,1.0,0.0
174,0,1.0,0.0
175,1,0.0,1.0
176,0,0.73333335,0.26666668
177,1,0.0,1.0
178,1,0.0,1.0
179,1,0.0,1.0
180,1,0.0,1.0
181,1,0.1,0.9
182,1,0.0,1.0
183,1,0.0,1.0
184,1,0.0,1.0
185,1,0.0,1.0
186,0,0.93333334,0.06666667
187,1,0.0,1.0
188,0,1.0,0.0
189,0,1.0,0.0
190,1,0.0,1.0
191,1,0.13333334,0.8666667
192,1,0.4,0.6
193,1,0.0,1.0
194,1,0.0,1.0
195,0,1.0,0.0
196,1,0.0,1.0
197,1,0.0,1.0
198,1,0.0,1.0
199,1,0.0,1.0
200,1,0.0,1.0
201,1,0.0,1.0
202,0,1.0,0.0
203,1,0.0,1.0
204,0,1.0,0.0
205,1,0.0,1.0
206,0,1.0,0.0
207,1,0.0,1.0
208,1,0.0,1.0
209,1,0.0,1.0
210,1,0.12,0.88
211,0,0.76,0.24
212,1,0.0,1.0
213,1,0.0,1.0
214,0,1.0,0.0
215,1,0.13333334,0.8666667
216,1,0.0,1.0
217,1,0.0,1.0
218,1,0.036363635,0.96363634
219,1,0.0,1.0
220,1,0.13333334,0.8666667
221,0,1.0,0.0
222,1,0.0,1.0
223,0,1.0,0.0
224,1,0.0,1.0
225,0,1.0,0.0
226,1,0.0,1.0
227,0,1.0,0.0
228,0,0.92,0.08
229,1,0.0,1.0
230,1,0.0,1.0
231,1,0.044444446,0.95555556
232,1,0.0,1.0
233,1,0.0,1.0
234,0,0.48410663,0.51589334
235,1,0.0,1.0
236,0,0.96363634,0.036363635
237,1,0.0,1.0
238,1,0.0,1.0
239,0,0.9692308,0.03076923
240,1,0.0,1.0
241,1,0.0,1.0
242,0,0.9,0.1
243,1,0.0,1.0
244,0,1.0,0.0
245,1,0.0,1.0
246,0,1.0,0.0
247,1,0.0,1.0
248,1,0.0,1.0
249,1,0.0,1.0
250,1,0.4,0.6
251,1,0.0,1.0
252,1,0.1,0.9
253,1,0.0,1.0
254,1,0.0,1.0
255,1,0.0,1.0
256,1,0.0,1.0
257,0,1.0,0.0
258,1,0.0,1.0
259,1,0.0,1.0
260,0,1.0,0.0
261,1,0.1,0.9
262,1,0.0,1.0
263,0,1.0,0.0
264,1,0.0,1.0
265,1,0.0,1.0
266,1,0.1,0.9
267,1,0.0,1.0
268,0,1.0,0.0
269,1,0.0,1.0
270,0,0.92,0.08
271,1,0.0,1.0
272,1,0.0,1.0
273,1,0.0,1.0
274,0,0.48207802,0.517922
275,1,0.0,1.0
276,0,0.8666667,0.13333334
277,1,0.0,1.0
278,1,0.0,1.0
279,0,0.9,0.1
280,0,1.0,0.0
281,1,0.05,0.95
282,1,0.0,1.0
283,1,0.0,1.0
284,1,0.0,1.0
285,1,0.5012093,0.49879068
286,1,0.0,1.0
287,1,0.0,1.0
288,1,0.0,1.0
289,0,1.0,0.0
290,0,1.0,0.0
291,1,0.0,1.0
292,0,1.0,0.0
293,1,0.0,1.0
294,0,1.0,0.0
295,1,0.0,1.0
296,0,1.0,0.0
297,1,0.0,1.0
298,1,0.0,1.0
299,1,0.0,1.0
300,1,0.26666668,0.73333335
301,0,1.0,0.0
302,0,1.0,0.0
303,0,1.0,0.0
304,0,0.54082656,0.4591734
305,0,1.0,0.0
306,0,0.95897436,0.041025642
307,1,0.0,1.0
308,0,1.0,0.0
309,1,0.13333334,0.8666667
310,1,0.0,1.0
311,1,0.0,1.0
312,0,1.0,0.0
313,1,0.0,1.0
314,1,0.53960913,0.46039087
315,0,1.0,0.0
316,1,0.0,1.0
317,1,0.52555513,0.4744449
318,0,0.9,0.1
319,1,0.4,0.6
320,1,0.0,1.0
321,1,0.13333334,0.8666667
322,0,1.0,0.0
323,0,0.6,0.4
324,0,0.8666667,0.13333334
325,1,0.50227326,0.4977267
326,0,1.0,0.0
327,1,0.0,1.0
328,0,1.0,0.0
329,0,1.0,0.0
330,1,0.13333334,0.8666667
331,1,0.47264957,0.5273504
332,1,0.0,1.0
333,0,1.0,0.0
334,0,1.0,0.0
335,1,0.0,1.0
336,1,0.0,1.0
337,0,1.0,0.0
338,1,0.0,1.0
339,1,0.0,1.0
340,1,0.0,1.0
341,0,1.0,0.0
342,0,0.8,0.2
343,1,0.0,1.0
344,1,0.08,0.92
345,1,0.0,1.0
346,0,1.0,0.0
347,0,1.0,0.0
348,1,0.0,1.0
349,1,0.0,1.0
350,0,1.0,0.0
351,1,0.0,1.0
352,1,0.0,1.0
353,0,1.0,0.0
354,0,1.0,0.0
355,0,1.0,0.0
356,1,0.32,0.68
357,0,1.0,0.0
358,0,1.0,0.0
359,0,1.0,0.0
360,1,0.0,1.0
361,1,0.0,1.0
362,1,0.0,1.0
363,0,1.0,0.0
364,0,1.0,0.0
365,0,1.0,0.0
366,1,0.1,0.9
367,0,1.0,0.0
368,1,0.0,1.0
369,1,0.0,1.0
370,1,0.0,1.0
371,1,0.0,1.0
372,0,1.0,0.0
373,0,1.0,0.0
374,1,0.0,1.0
375,1,0.0,1.0
376,1,0.26666668,0.73333335
377,1,0.5471782,0.4528218
378,1,0.0,1.0
379,1,0.0,1.0
380,1,0.0,1.0
381,1,0.0,1.0
382,1,0.13333334,0.8666667
383,1,0.5039342,0.49606577
384,0,1.0,0.0
385,1,0.0,1.0
386,1,0.0,1.0
387,1,0.13333334,0.8666667
388,1,0.0,1.0
389,0,0.9,0.1
390,1,0.0,1.0
391,0,0.9,0.1
392,1,0.0,1.0
393,1,0.0,1.0
394,1,0.0,1.0
395,1,0.0,1.0
396,1,0.0,1.0
397,1,0.1,0.9
398,1,0.51909375,0.48090622
399,0,1.0,0.0
400,1,0.0,1.0
401,1,0.530744,0.46925598
402,1,0.0,1.0
403,0,1.0,0.0
404,1,0.0,1.0
405,0,1.0,0.0
406,0,1.0,0.0
407,1,0.54075664,0.45924336
408,0,1.0,0.0
409,0,0.47652024,0.52347976
410,1,0.0,1.0
411,1,0.0,1.0
412,1,0.0,1.0
413,1,0.0,1.0
414,1,0.4,0.6
415,0,0.82857144,0.17142858
416,1,0.52121794,0.4787821
417,1,0.16,0.84
418,1,0.0,1.0
419,1,0.0,1.0
420,1,0.0,1.0
421,1,0.0,1.0
422,1,0.0,1.0
423,0,1.0,0.0
424,1,0.49972486,0.50027514
425,0,1.0,0.0
426,0,1.0,0.0
427,0,1.0,0.0
428,1,0.0,1.0
429,1,0.075,0.925
430,1,0.0,1.0
431,1,0.0,1.0
432,1,0.0,1.0
433,1,0.0,1.0
434,0,1.0,0.0
435,1,0.26666668,0.73333335
436,1,0.044444446,0.95555556
437,0,0.68,0.32
438,1,0.13333334,0.8666667
439,0,1.0,0.0
440,0,0.93333334,0.06666667
441,1,0.07272727,0.92727274
442,1,0.0,1.0
443,1,0.0,1.0
444,1,0.0,1.0
445,1,0.0,1.0
446,0,0.73333335,0.26666668
447,1,0.0,1.0
448,1,0.0,1.0
449,0,1.0,0.0
450,1,0.0,1.0
451,1,0.0,1.0
452,0,1.0,0.0
453,1,0.0,1.0
454,1,0.07272727,0.92727274
455,1,0.0,1.0
456,0,1.0,0.0
457,1,0.0,1.0
458,1,0.0,1.0
459,0,0.9,0.1
460,0,0.8666667,0.13333334
461,0,0.48253998,0.51746005
462,1,0.0,1.0
463,1,0.0,1.0
464,0,1.0,0.0
465,1,0.0,1.0
466,0,1.0,0.0
467,0,0.73333335,0.26666668
468,1,0.0,1.0
469,1,0.0,1.0
470,1,0.0,1.0
471,1,0.13333334,0.8666667
472,1,0.0,1.0
473,1,0.0,1.0
474,1,0.0,1.0
475,0,1.0,0.0
476,0,0.92,0.08
477,1,0.0,1.0
478,0,0.6,0.4
479,1,0.0,1.0
480,0,0.93333334,0.06666667
481,0,0.9,0.1
482,1,0.044444446,0.95555556
483,1,0.0,1.0
484,0,1.0,0.0
485,0,1.0,0.0
486,1,0.0,1.0
487,0,1.0,0.0
488,1,0.0,1.0
489,0,1.0,0.0
490,1,0.08888889,0.9111111
491,1,0.0,1.0
492,1,0.0,1.0
493,0,1.0,0.0
494,0,1.0,0.0
495,1,0.0,1.0
496,0,0.8666667,0.13333334
497,0,1.0,0.0
498,1,0.26666668,0.73333335
499,1,0.0,1.0
500,1,0.0,1.0
501,0,1.0,0.0
502,0,0.73333335,0.26666668
503,1,0.0,1.0
504,1,0.0,1.0
505,0,0.92727274,0.07272727
506,1,0.54429096,0.45570904
507,1,0.0,1.0
508,0,1.0,0.0
509,1,0.0,1.0
510,1,0.13333334,0.8666667
511,1,0.0,1.0
512,1,0.0,1.0
513,0,1.0,0.0
514,1,0.08,0.92
515,1,0.0,1.0
516,1,0.0,1.0
517,1,0.0,1.0
518,1,0.3,0.7
519,0,0.76666665,0.23333333
520,1,0.0,1.0
521,1,0.0,1.0
522,1,0.4,0.6
523,1,0.0,1.0
524,0,0.92,0.08
525,0,1.0,0.0
526,0,1.0,0.0
527,0,1.0,0.0
528,1,0.0,1.0
529,1,0.0,1.0
530,0,1.0,0.0
531,0,0.49894527,0.5010547
532,1,0.0,1.0
533,0,1.0,0.0
534,0,1.0,0.0
535,0,1.0,0.0
536,0,0.5303672,0.4696328
537,1,0.0,1.0
538,1,0.0,1.0
539,1,0.26666668,0.73333335
540,1,0.0,1.0
541,1,0.0,1.0
542,0,1.0,0.0
543,0,0.47287983,0.5271202
544,0,1.0,0.0
545,1,0.0,1.0
546,1,0.0,1.0
547,1,0.0,1.0
548,0,0.76,0.24
549,1,0.0,1.0
550,1,0.0,1.0
551,1,0.0,1.0
552,0,1.0,0.0
553,1,0.05,0.95
554,1,0.26666668,0.73333335
555,1,0.0,1.0
556,0,1.0,0.0
557,0,1.0,0.0
558,0,1.0,0.0
559,1,0.0,1.0
560,1,0.0,1.0
561,1,0.0,1.0
562,0,1.0,0.0
563,0,0.92,0.08
564,0,1.0,0.0
565,0,1.0,0.0
566,1,0.0,1.0
567,0,1.0,0.0
568,1,0.0,1.0
569,0,1.0,0.0
570,1,0.0,1.0
571,1,0.0,1.0
572,0,1.0,0.0
573,1,0.16,0.84
574,1,0.0,1.0
575,1,0.0,1.0
576,1,0.0,1.0
577,1,0.0,1.0
578,1,0.0,1.0
579,1,0.0,1.0
580,0,1.0,0.0
581,0,0.73333335,0.26666668
582,1,0.0,1.0
583,1,0.0,1.0
584,1,0.0,1.0
585,1,0.0,1.0
586,0,1.0,0.0
587,1,0.0,1.0
588,1,0.0,1.0
589,0,1.0,0.0
590,1,0.0,1.0
591,0,0.84,0.16
592,1,0.0,1.0
593,1,0.13333334,0.8666667
594,1,0.46198654,0.53801346
595,1,0.0,1.0
596,1,0.13333334,0.8666667
597,1,0.4,0.6
598,1,0.048484847,0.95151514
599,1,0.0,1.0
600,1,0.0,1.0
601,1,0.0,1.0
602,1,0.0,1.0
603,1,0.17142858,0.82857144
604,1,0.08,0.92
605,1,0.0,1.0
606,0,0.73333335,0.26666668
607,1,0.0,1.0
608,0,0.92,0.08
609,0,1.0,0.0
610,1,0.114285715,0.8857143
611,1,0.0,1.0
612,1,0.0,1.0
613,0,1.0,0.0
614,0,1.0,0.0
615,0,1.0,0.0
616,0,1.0,0.0
617,1,0.0,1.0
618,1,0.0,1.0
619,0,1.0,0.0
620,1,0.0,1.0
621,1,0.4660808,0.5339192
622,1,0.0,1.0
623,1,0.0,1.0
624,0,1.0,0.0
625,1,0.0,1.0
626,0,1.0,0.0
627,1,0.0,1.0
628,1,0.3,0.7
629,0,1.0,0.0
630,1,0.0,1.0
631,0,0.5002679,0.4997321
632,0,1.0,0.0
633,1,0.0,1.0
634,1,0.0,1.0
635,0,0.6,0.4
636,0,1.0,0.0
637,1,0.0,1.0
638,1,0.057142857,0.94285715
639,1,0.0,1.0
640,1,0.0,1.0
641,1,0.0,1.0
642,0,1.0,0.0
643,1,0.0,1.0
644,1,0.13333334,0.8666667
645,1,0.06666667,0.93333334
646,1,0.0,1.0
647,1,0.0,1.0
648,1,0.0,1.0
649,1,0.0,1.0
650,0,1.0,0.0
651,0,0.6571429,0.34285715
652,1,0.0,1.0
653,1,0.0,1.0
654,1,0.0,1.0
655,0,1.0,0.0
656,0,1.0,0.0
657,0,1.0,0.0
658,1,0.0,1.0
659,0,0.8666667,0.13333334
660,0,1.0,0.0
661,1,0.025,0.975
662,1,0.0,1.0
663,1,0.5061277,0.49387228
664,1,0.0,1.0
665,1,0.0,1.0
666,0,0.5398554,0.46014458
667,0,1.0,0.0
668,1,0.0,1.0
669,1,0.0,1.0
670,1,0.0,1.0
671,1,0.1,0.9
672,0,0.6,0.4
673,1,0.0,1.0
674,1,0.0,1.0
675,1,0.4,0.6
676,1,0.0,1.0
677,1,0.0,1.0
678,1,0.4739562,0.52604383
679,0,1.0,0.0
680,0,1.0,0.0
681,1,0.0,1.0
682,1,0.459029,0.54097104
683,0,1.0,0.0
684,0,1.0,0.0
685,0,0.6,0.4
686,0,1.0,0.0
687,0,0.97333336,0.026666667
688,1,0.0,1.0
689,0,1.0,0.0
690,1,0.0,1.0
691,1,0.0,1.0
692,1,0.0,1.0
693,0,0.84,0.16
694,1,0.0,1.0
695,1,0.17777778,0.82222223
696,1,0.1,0.9
697,1,0.0,1.0
698,1,0.0,1.0
699,1,0.26666668,0.73333335
700,1,0.0,1.0
701,1,0.0,1.0
702,1,0.17777778,0.82222223
703,1,0.0,1.0
704,0,1.0,0.0
705,1,0.0,1.0
706,1,0.0,1.0
707,0,1.0,0.0
708,1,0.1,0.9
709,1,0.0,1.0
710,1,0.0,1.0
711,0,0.73333335,0.26666668
712,1,0.0,1.0
713,1,0.0,1.0
714,1,0.0,1.0
715,1,0.4,0.6
716,1,0.1,0.9
717,0,0.6,0.4
718,0,0.84,0.16
719,0,0.92,0.08
720,1,0.0,1.0
721,0,1.0,0.0
722,1,0.0,1.0
723,0,1.0,0.0
724,1,0.0,1.0
725,0,1.0,0.0
726,1,0.0,1.0
727,1,0.0,1.0
728,1,0.16,0.84
729,1,0.0,1.0
730,0,0.6,0.4
731,0,1.0,0.0
732,0,1.0,0.0
733,0,0.6689655,0.33103448
734,0,1.0,0.0
735,1,0.0,1.0
736,0,1.0,0.0
737,1,0.17142858,0.82857144
738,0,0.76,0.24
739,1,0.0,1.0
740,1,0.0,1.0
741,0,1.0,0.0
742,0,1.0,0.0
743,1,0.06666667,0.93333334
744,0,1.0,0.0
745,1,0.0,1.0
746,1,0.0,1.0
747,1,0.0,1.0
748,0,0.96363634,0.036363635
749,1,0.26666668,0.73333335
750,1,0.0,1.0
751,0,1.0,0.0
752,0,1.0,0.0
753,0,0.6,0.4
754,0,1.0,0.0
755,1,0.13333334,0.8666667
756,1,0.036363635,0.96363634
757,0,1.0,0.0
758,0,1.0,0.0
759,1,0.5035775,0.49642253
760,0,0.93333334,0.06666667
761,1,0.0,1.0
762,0,1.0,0.0
763,0,0.8666667,0.13333334
764,0,1.0,0.0
765,1,0.0,1.0
766,1,0.0,1.0
767,0,0.46612212,0.53387785
768,1,0.4,0.6
769,0,1.0,0.0
770,1,0.0,1.0
771,0,0.45050615,0.54949385
772,1,0.0,1.0
773,0,1.0,0.0
774,1,0.0,1.0
775,1,0.0,1.0
776,1,0.0,1.0
777,0,0.6,0.4
778,1,0.08,0.92
779,1,0.05,0.95
780,1,0.0,1.0
781,1,0.48867354,0.5113265
782,1,0.0,1.0
783,1,0.0,1.0
784,1,0.0,1.0
785,1,0.0,1.0
786,1,0.0,1.0
787,1,0.0,1.0
788,1,0.0,1.0
789,1,0.0,1.0
790,1,0.0,1.0
791,1,0.0,1.0
792,1,0.0,1.0
793,1,0.0,1.0
794,0,0.76,0.24
795,1,0.0,1.0
796,0,1.0,0.0
797,0,1.0,0.0
798,1,0.0,1.0
799,1,0.0,1.0
800,0,1.0,0.0
801,1,0.0,1.0
802,1,0.47517824,0.52482176
803,1,0.0,1.0
804,1,0.0,1.0
805,1,0.0,1.0
806,0,1.0,0.0
807,1,0.0,1.0
808,1,0.0,1.0
809,0,0.68,0.32
810,1,0.0,1.0
811,1,0.0,1.0
812,1,0.0,1.0
813,1,0.0,1.0
814,1,0.1,0.9
815,0,0.48376152,0.5162385
816,1,0.0,1.0
817,0,0.9,0.1
818,1,0.483903,0.516097
819,0,1.0,0.0
820,0,1.0,0.0
821,1,0.0,1.0
822,1,0.0,1.0
823,0,1.0,0.0
824,0,1.0,0.0
825,0,1.0,0.0
826,1,0.0,1.0
827,1,0.49937955,0.5006204
828,1,0.0,1.0
829,0,0.6,0.4
830,1,0.0,1.0
831,0,1.0,0.0
832,1,0.0,1.0
833,1,0.0,1.0
834,0,1.0,0.0
835,1,0.0,1.0
836,1,0.15,0.85
837,1,0.0,1.0
838,0,0.8666667,0.13333334
839,0,1.0,0.0
840,1,0.0,1.0
841,1,0.46865186,0.53134817
842,0,0.48636296,0.51363707
843,1,0.53180146,0.46819854
844,1,0.0,1.0
845,1,0.0,1.0
846,1,0.0,1.0
847,1,0.5055201,0.49447992
848,0,1.0,0.0
849,1,0.0,1.0
850,1,0.0,1.0
851,0,0.9,0.1
852,0,1.0,0.0
853,0,1.0,0.0
854,1,0.0,1.0
855,1,0.0,1.0
856,1,0.0,1.0
857,1,0.0,1.0
858,0,1.0,0.0
859,0,1.0,0.0
860,0,1.0,0.0
861,0,1.0,0.0
862,1,0.5109564,0.48904356
863,0,0.68,0.32
864,0,0.8666667,0.13333334
865,1,0.4,0.6
866,1,0.0,1.0
867,0,1.0,0.0
868,1,0.25,0.75
869,1,0.0,1.0
870,1,0.0,1.0
871,0,1.0,0.0
872,1,0.0,1.0
873,0,0.539711,0.46028897
874,1,0.0,1.0
875,1,0.0,1.0
876,0,1.0,0.0
877,1,0.0,1.0
878,1,0.13333334,0.8666667
879,1,0.0,1.0
880,0,0.513353,0.48664704
881,0,1.0,0.0
882,0,1.0,0.0
883,0,1.0,0.0
884,1,0.0,1.0
885,1,0.057142857,0.94285715
886,1,0.0,1.0
887,0,1.0,0.0
888,0,1.0,0.0
889,0,1.0,0.0
890,1,0.0,1.0
891,1,0.0,1.0
892,1,0.0,1.0
893,1,0.0,1.0
894,1,0.0,1.0
895,0,1.0,0.0
896,1,0.0,1.0
897,0,0.9,0.1
898,1,0.0,1.0
899,1,0.0,1.0
900,1,0.0,1.0
901,0,1.0,0.0
902,0,1.0,0.0
903,1,0.13333334,0.8666667
904,1,0.0,1.0
905,0,1.0,0.0
906,1,0.0,1.0
907,1,0.0,1.0
908,1,0.5159984,0.4840016
909,1,0.0,1.0
910,0,1.0,0.0
911,1,0.0,1.0
912,1,0.0,1.0
913,1,0.0,1.0
914,1,0.0,1.0
915,0,1.0,0.0
916,1,0.0,1.0
917,0,1.0,0.0
918,1,0.0,1.0
919,0,1.0,0.0
920,1,0.0,1.0
921,1,0.13333334,0.8666667
922,1,0.0,1.0
923,1,0.0,1.0
924,1,0.0,1.0
925,1,0.0,1.0
926,1,0.0,1.0
927,1,0.0,1.0
928,1,0.0,1.0
929,0,1.0,0.0
930,1,0.0,1.0
931,0,1.0,0.0
932,1,0.0,1.0
933,0,1.0,0.0
934,1,0.4,0.6
935,1,0.0,1.0
936,0,1.0,0.0
937,0,1.0,0.0
938,1,0.0,1.0
939,1,0.0,1.0
940,1,0.0,1.0
941,1,0.0,1.0
942,1,0.0,1.0
943,1,0.0,1.0
944,1,0.0,1.0
945,0,0.7,0.3
946,1,0.0,1.0
947,1,0.0,1.0
948,0,0.4927541,0.5072459
949,1,0.0,1.0
950,1,0.13333334,0.8666667
951,0,1.0,0.0
952,1,0.47242692,0.52757305
953,1,0.0,1.0
954,1,0.0,1.0
955,1,0.0,1.0
956,1,0.0,1.0
957,0,1.0,0.0
958,0,1.0,0.0
959,1,0.0,1.0
960,1,0.13333334,0.8666667
961,1,0.0,1.0
962,1,0.0,1.0
963,1,0.0,1.0
964,0,1.0,0.0
965,0,1.0,0.0
966,0,1.0,0.0
967,1,0.0,1.0
968,0,0.6,0.4
969,0,1.0,0.0
970,0,1.0,0.0
971,1,0.0,1.0
972,1,0.1,0.9
973,1,0.47376376,0.52623624
974,1,0.0,1.0
975,0,1.0,0.0
976,0,1.0,0.0
977,0,1.0,0.0
978,0,1.0,0.0
979,1,0.13333334,0.8666667
980,0,1.0,0.0
981,1,0.0,1.0
982,1,0.08,0.92
983,1,0.0,1.0
984,1,0.13333334,0.8666667
985,0,0.92,0.08
986,1,0.0,1.0
987,1,0.0,1.0
988,1,0.0,1.0
989,0,0.7,0.3
990,1,0.0,1.0
991,1,0.0,1.0
992,0,0.47579417,0.52420586
993,1,0.4531429,0.54685706
994,1,0.0,1.0
995,1,0.13333334,0.8666667
996,1,0.0,1.0
997,1,0.0,1.0
998,0,1.0,0.0
999,0,1.0,0.0
1000,1,0.0,1.0
1001,1,0.0,1.0
1002,1,0.0,1.0
1003,0,0.84,0.16
1004,1,0.48180035,0.5181997
1005,1,0.0,1.0
1006,0,1.0,0.0
1007,0,1.0,0.0
1008,0,1.0,0.0
1009,0,1.0,0.0
1010,1,0.0,1.0
1011,0,1.0,0.0
1012,1,0.16,0.84
1013,0,0.458414,0.541586
1014,1,0.0,1.0
1015,1,0.06153846,0.93846154
1016,1,0.0,1.0
1017,1,0.4,0.6
1018,1,0.0,1.0
1019,1,0.0,1.0
1020,1,0.0,1.0
1021,1,0.0,1.0
1022,1,0.0,1.0
1023,1,0.0,1.0
1024,1,0.0,1.0
1025,0,1.0,0.0
1026,1,0.0,1.0
1027,1,0.0,1.0
1028,1,0.0,1.0
1029,1,0.0,1.0
1030,0,1.0,0.0
1031,1,0.0,1.0
1032,1,0.0,1.0
1033,0,1.0,0.0
1034,0,1.0,0.0
1035,0,1.0,0.0
1036,0,1.0,0.0
1037,0,1.0,0.0
1038,0,1.0,0.0
1039,1,0.0,1.0
1040,0,1.0,0.0
1041,0,1.0,0.0
1042,0,0.9826087,0.017391304
1043,1,0.0,1.0
1044,1,0.0,1.0
1045,0,0.92,0.08
1046,1,0.0,1.0
1047,0,1.0,0.0
1048,1,0.0,1.0
1049,1,0.0,1.0
1050,1,0.0,1.0
1051,1,0.0,1.0
1052,1,0.0,1.0
1053,1,0.0,1.0
1054,1,0.0,1.0
1055,1,0.0,1.0
1056,1,0.0,1.0
1057,1,0.4,0.6
1058,0,1.0,0.0
1059,1,0.0,1.0
1060,1,0.0,1.0
1061,1,0.0,1.0
1062,1,0.1,0.9
1063,1,0.0,1.0
1064,1,0.0,1.0
1065,1,0.2857143,0.71428573
1066,1,0.0,1.0
1067,0,1.0,0.0
1068,1,0.0,1.0
1069,0,1.0,0.0
1070,0,0.7714286,0.22857143
1071,1,0.0,1.0
1072,0,0.92,0.08
1073,1,0.13333334,0.8666667
1074,1,0.0,1.0
1075,1,0.0,1.0
1076,1,0.0,1.0
1077,1,0.4,0.6
1078,0,1.0,0.0
1079,0,0.7,0.3
1080,1,0.22857143,0.7714286
1081,1,0.0,1.0
1082,1,0.0,1.0
1083,0,0.7,0.3
1084,1,0.0,1.0
1085,1,0.0,1.0
1086,1,0.0,1.0
1087,1,0.0,1.0
1088,0,1.0,0.0
1089,0,1.0,0.0
1090,1,0.0,1.0
1091,1,0.0,1.0
1092,1,0.0,1.0
1093,1,0.0,1.0
1094,1,0.0,1.0
1095,1,0.0,1.0
1096,1,0.0,1.0
1097,1,0.0,1.0
1098,1,0.0,1.0
1099,1,0.0,1.0
1100,1,0.0,1.0
1101,1,0.0,1.0
1102,1,0.0,1.0
1103,0,1.0,0.0
1104,0,0.73333335,0.26666668
1105,1,0.0,1.0
1106,1,0.0,1.0
1107,1,0.0,1.0
1108,1,0.0,1.0
1109,1,0.0,1.0
1110,0,1.0,0.0
1111,1,0.0,1.0
1112,1,0.0,1.0
1113,1,0.0,1.0
1114,0,1.0,0.0
1115,1,0.057142857,0.94285715
1116,1,0.0,1.0
1117,0,1.0,0.0
1118,0,1.0,0.0
1119,1,0.0,1.0
1120,0,1.0,0.0
1121,1,0.48492095,0.515079
1122,1,0.0,1.0
1123,0,1.0,0.0
1124,1,0.0,1.0
1125,0,1.0,0.0
1126,1,0.0,1.0
1127,1,0.1,0.9
1128,1,0.0,1.0
1129,1,0.0,1.0
1130,1,0.0,1.0
1131,1,0.15238096,0.84761906
1132,1,0.0,1.0
1133,1,0.0,1.0
1134,1,0.0,1.0
1135,1,0.0,1.0
1136,0,1.0,0.0
1137,0,1.0,0.0
1138,1,0.0,1.0
1139,0,1.0,0.0
1140,0,1.0,0.0
1141,1,0.0,1.0
1142,0,0.45091972,0.5490803
1143,1,0.06666667,0.93333334
1144,0,1.0,0.0
1145,0,1.0,0.0
1146,0,1.0,0.0
1147,1,0.0,1.0
1148,0,1.0,0.0
1149,0,0.5392559,0.4607441
1150,0,1.0,0.0
1151,1,0.0,1.0
1152,0,0.9,0.1
1153,1,0.0,1.0
1154,0,1.0,0.0
1155,0,1.0,0.0
1156,0,0.9,0.1
1157,1,0.0,1.0
1158,0,0.8666667,0.13333334
1159,1,0.0,1.0
1160,1,0.26666668,0.73333335
1161,0,1.0,0.0
1162,1,0.0,1.0
1163,1,0.0,1.0
1164,0,1.0,0.0
1165,1,0.0,1.0
1166,1,0.0,1.0
1167,1,0.47418523,0.5258148
1168,1,0.0,1.0
1169,0,0.9826087,0.017391304
1170,1,0.0,1.0
1171,1,0.12,0.88
1172,0,1.0,0.0
1173,0,1.0,0.0
1174,0,0.8666667,0.13333334
1175,1,0.47420552,0.52579445
1176,1,0.0,1.0
1177,1,0.0,1.0
1178,1,0.0,1.0
1179,1,0.0,1.0
1180,0,1.0,0.0
1181,1,0.0,1.0
1182,1,0.0,1.0
1183,1,0.0,1.0
1184,1,0.0,1.0
1185,1,0.0,1.0
1186,1,0.0,1.0
1187,0,1.0,0.0
1188,0,1.0,0.0
1189,0,1.0,0.0
1190,1,0.0,1.0
1191,1,0.0,1.0
1192,1,0.13333334,0.8666667
1193,0,1.0,0.0
1194,1,0.0,1.0
1195,0,0.9,0.1
1196,1,0.24,0.76
1197,0,0.46014714,0.53985286
1198,0,1.0,0.0
1199,0,1.0,0.0
1200,1,0.0,1.0
1201,1,0.13333334,0.8666667
1202,1,0.0,1.0
1203,0,0.7714286,0.22857143
1204,0,1.0,0.0
1205,0,0.8666667,0.13333334
1206,1,0.0,1.0
1207,1,0.0,1.0
1208,1,0.0,1.0
1209,0,1.0,0.0
1210,0,1.0,0.0
1211,1,0.0,1.0
1212,1,0.0,1.0
1213,1,0.0,1.0
1214,0,1.0,0.0
1215,1,0.48232028,0.5176797
1216,0,1.0,0.0
1217,1,0.0,1.0
1218,0,1.0,0.0
1219,1,0.0,1.0
1220,0,1.0,0.0
1221,1,0.0,1.0
1222,1,0.47279352,0.5272065
1223,1,0.0,1.0
1224,0,0.73846155,0.26153848
1225,1,0.0,1.0
1226,1,0.0,1.0
1227,1,0.0,1.0
1228,0,1.0,0.0
1229,0,1.0,0.0
1230,1,0.0,1.0
1231,1,0.0,1.0
1232,0,1.0,0.0
1233,0,1.0,0.0
1234,1,0.0,1.0
1235,1,0.0,1.0
1236,1,0.0,1.0
1237,1,0.0,1.0
1238,0,1.0,0.0
1239,1,0.0,1.0
1240,1,0.0,1.0
1241,1,0.0,1.0
1242,1,0.0,1.0
1243,0,1.0,0.0
1244,0,1.0,0.0
1245,0,1.0,0.0
1246,1,0.0,1.0
1247,1,0.0,1.0
1248,0,0.8666667,0.13333334
1249,0,1.0,0.0
1250,0,1.0,0.0
1251,0,1.0,0.0
1252,0,1.0,0.0
1253,0,1.0,0.0
1254,0,1.0,0.0
1255,1,0.0,1.0
1256,1,0.1,0.9
1257,1,0.0,1.0
1258,0,0.8666667,0.13333334
1259,0,0.5260785,0.4739215
1260,1,0.0,1.0
1261,1,0.0,1.0
1262,0,1.0,0.0
1263,0,1.0,0.0
1264,1,0.0,1.0
1265,1,0.26666668,0.73333335
1266,1,0.0,1.0
1267,1,0.0,1.0
1268,0,0.6,0.4
1269,1,0.05,0.95
1270,1,0.0,1.0
1271,1,0.0,1.0
1272,1,0.0,1.0
1273,1,0.0,1.0
1274,1,0.4,0.6
1275,0,1.0,0.0
1276,1,0.0,1.0
1277,1,0.0,1.0
1278,1,0.13333334,0.8666667
1279,0,1.0,0.0
1280,0,1.0,0.0
1281,0,1.0,0.0
1282,0,1.0,0.0
1283,0,1.0,0.0
1284,0,1.0,0.0
1285,0,1.0,0.0
1286,1,0.0,1.0
1287,0,1.0,0.0
1288,1,0.5172136,0.48278645
1289,1,0.45254192,0.5474581
1290,1,0.0,1.0
1291,1,0.13333334,0.8666667
1292,0,1.0,0.0
1293,0,1.0,0.0
1294,1,0.4910383,0.50896174
1295,1,0.0,1.0
1296,0,0.9,0.1
1297,1,0.0,1.0
1298,1,0.0,1.0
1299,1,0.0,1.0
1300,1,0.0,1.0
1301,1,0.0,1.0
1302,0,1.0,0.0
1303,1,0.08,0.92
1304,0,1.0,0.0
1305,0,1.0,0.0
1306,0,1.0,0.0
1307,1,0.08,0.92
1308,0,1.0,0.0
1309,1,0.125,0.875
1310,1,0.0,1.0
1311,1,0.1,0.9
1312,1,0.0,1.0
1313,1,0.0,1.0
1314,1,0.0,1.0
1315,1,0.0,1.0
1316,1,0.0,1.0
1317,0,1.0,0.0
1318,1,0.0,1.0
1319,1,0.4540775,0.54592246
1320,1,0.0,1.0
1321,1,0.0,1.0
1322,1,0.0,1.0
1323,1,0.0,1.0
1324,1,0.0,1.0
1325,1,0.0,1.0
1326,1,0.0,1.0
1327,1,0.0,1.0
1328,1,0.0,1.0
1329,1,0.13333334,0.8666667
1330,0,0.8666667,0.13333334
1331,1,0.0,1.0
1332,0,0.6,0.4
1333,1,0.47439897,0.525601
1334,1,0.0,1.0
1335,0,1.0,0.0
1336,1,0.05,0.95
1337,0,0.9,0.1
1338,1,0.13333334,0.8666667
1339,0,1.0,0.0
1340,1,0.0,1.0
1341,0,0.73333335,0.26666668
1342,1,0.0,1.0
1343,1,0.057142857,0.94285715
1344,1,0.08,0.92
1345,0,1.0,0.0
1346,0,1.0,0.0
1347,1,0.0,1.0
1348,1,0.0,1.0
1349,1,0.0,1.0
1350,1,0.0,1.0
1351,1,0.04,0.96
1352,0,0.6,0.4
1353,1,0.0,1.0
1354,1,0.0,1.0
1355,1,0.0,1.0
1356,1,0.0,1.0
1357,0,1.0,0.0
1358,0,0.98333335,0.016666668
1359,1,0.0,1.0
1360,1,0.0,1.0
1361,0,1.0,0.0
1362,1,0.0,1.0
1363,1,0.0,1.0
1364,1,0.0,1.0
1365,1,0.0,1.0
1366,1,0.0,1.0
1367,0,0.96,0.04
1368,1,0.0,1.0
1369,1,0.0,1.0
1370,1,0.1,0.9
1371,1,0.0,1.0
1372,1,0.0,1.0
1373,0,0.8666667,0.13333334
1374,0,1.0,0.0
1375,1,0.0,1.0
1376,0,1.0,0.0
1377,1,0.24,0.76
1378,0,0.6,0.4
1379,1,0.0,1.0
1380,1,0.0,1.0
1381,1,0.0,1.0
1382,1,0.0,1.0
1383,0,1.0,0.0
1384,0,1.0,0.0
1385,1,0.0,1.0
1386,1,0.0,1.0
1387,1,0.0,1.0
1388,0,1.0,0.0
1389,0,1.0,0.0
1390,1,0.0,1.0
1391,0,1.0,0.0
1392,1,0.0,1.0
1393,1,0.0,1.0
1394,1,0.4,0.6
1395,0,1.0,0.0
1396,1,0.0,1.0
1397,0,1.0,0.0
1398,0,1.0,0.0
1399,1,0.0,1.0
1400,1,0.0,1.0
1401,1,0.0,1.0
1402,1,0.0,1.0
1403,1,0.13333334,0.8666667
1404,1,0.0,1.0
1405,1,0.0,1.0
1406,1,0.0,1.0
1407,0,1.0,0.0
1408,1,0.0,1.0
1409,1,0.0,1.0
1410,0,0.9,0.1
1411,1,0.4,0.6
1412,0,1.0,0.0
1413,1,0.0,1.0
1414,1,0.0,1.0
1415,1,0.0,1.0
1416,0,0.95555556,0.044444446
1417,1,0.0,1.0
1418,1,0.0,1.0
1419,1,0.0,1.0
1420,1,0.0,1.0
1421,1,0.0,1.0
1422,1,0.0,1.0
1423,1,0.543673,0.456327
1424,1,0.0,1.0
1425,1,0.0,1.0
1426,0,1.0,0.0
1427,0,1.0,0.0
1428,1,0.0,1.0
1429,1,0.0,1.0
1430,0,1.0,0.0
1431,0,1.0,0.0
1432,1,0.0,1.0
1433,0,1.0,0.0
1434,1,0.0,1.0
1435,0,1.0,0.0
1436,1,0.0,1.0
1437,1,0.0,1.0
1438,1,0.0,1.0
1439,1,0.0,1.0
1440,1,0.0,1.0
1441,1,0.017391304,0.9826087
1442,1,0.0,1.0
1443,1,0.0,1.0
1444,0,0.53714603,0.46285394
1445,1,0.0,1.0
1446,1,0.0,1.0
1447,1,0.0,1.0
1448,0,0.92,0.08
1449,1,0.0,1.0
1450,1,0.13333334,0.8666667
1451,1,0.0,1.0
1452,1,0.0,1.0
1453,1,0.0,1.0
1454,1,0.0,1.0
1455,1,0.0,1.0
1456,1,0.0,1.0
1457,1,0.0,1.0
1458,1,0.0,1.0
1459,0,1.0,0.0
1460,1,0.0,1.0
1461,1,0.0,1.0
1462,1,0.0,1.0
1463,1,0.22857143,0.7714286
1464,1,0.044444446,0.95555556
1465,1,0.0,1.0
1466,0,1.0,0.0
1467,0,1.0,0.0
1468,0,1.0,0.0
1469,1,0.0,1.0
1470,1,0.06666667,0.93333334
1471,0,1.0,0.0
1472,1,0.0,1.0
1473,1,0.0,1.0
1474,1,0.0,1.0
1475,0,0.92,0.08
1476,1,0.0,1.0
1477,1,0.0,1.0
1478,1,0.13333334,0.8666667
1479,1,0.1,0.9
1480,0,1.0,0.0
1481,1,0.24,0.76
1482,1,0.0,1.0
1483,0,0.9818182,0.018181818
1484,1,0.0,1.0
1485,1,0.0,1.0
1486,0,1.0,0.0
1487,1,0.1,0.9
1488,1,0.0,1.0
1489,0,0.6,0.4
1490,0,1.0,0.0
1491,1,0.0,1.0
1492,0,1.0,0.0
1493,1,0.0,1.0
1494,1,0.26666668,0.73333335
1495,1,0.13333334,0.8666667
1496,1,0.0,1.0
1497,1,0.0,1.0
1498,1,0.1,0.9
1499,0,1.0,0.0
1500,1,0.0,1.0
1501,1,0.0,1.0
1502,1,0.0,1.0
1503,1,0.0,1.0
1504,1,0.0,1.0
1505,0,0.9692308,0.03076923
1506,0,1.0,0.0
1507,0,0.73333335,0.26666668
1508,1,0.0,1.0
1509,0,1.0,0.0
1510,1,0.0,1.0
1511,1,0.0,1.0
1512,1,0.3,0.7
1513,0,1.0,0.0
1514,1,0.0,1.0
1515,0,1.0,0.0
1516,0,1.0,0.0
1517,0,1.0,0.0
1518,1,0.0,1.0
1519,1,0.0,1.0
1520,0,1.0,0.0
1521,0,1.0,0.0
1522,1,0.0,1.0
1523,0,1.0,0.0
1524,0,1.0,0.0
1525,1,0.1,0.9
1526,0,0.7714286,0.22857143
1527,0,0.95,0.05
1528,0,1.0,0.0
1529,1,0.0,1.0
1530,1,0.0,1.0
1531,1,0.0,1.0
1532,1,0.0,1.0
1533,1,0.0,1.0
1534,1,0.0,1.0
1535,0,0.8666667,0.13333334
1536,0,1.0,0.0
1537,1,0.0,1.0
1538,1,0.0,1.0
1539,1,0.0,1.0
1540,0,1.0,0.0
1541,1,0.0,1.0
1542,1,0.0,1.0
1543,1,0.0,1.0
1544,1,0.4,0.6
1545,1,0.0,1.0
1546,0,1.0,0.0
1547,0,1.0,0.0
1548,1,0.0,1.0
1549,1,0.0,1.0
1550,0,1.0,0.0
1551,0,1.0,0.0
1552,0,1.0,0.0
1553,1,0.0,1.0
1554,1,0.0,1.0
1555,1,0.0,1.0
1556,0,1.0,0.0
1557,0,1.0,0.0
1558,1,0.0,1.0
1559,1,0.0,1.0
1560,0,1.0,0.0
1561,0,1.0,0.0
1562,0,1.0,0.0
1563,1,0.0,1.0
1564,0,1.0,0.0
1565,0,1.0,0.0
1566,0,0.92,0.08
1567,1,0.0,1.0
1568,0,1.0,0.0
1569,1,0.0,1.0
1570,1,0.0,1.0
1571,0,1.0,0.0
1572,0,0.9,0.1
1573,1,0.0,1.0
1574,1,0.13333334,0.8666667
1575,1,0.0,1.0
1576,1,0.0,1.0
1577,1,0.0,1.0
1578,1,0.0,1.0
1579,1,0.0,1.0
1580,0,1.0,0.0
1581,1,0.0,1.0
1582,1,0.0,1.0
1583,0,0.76,0.24
1584,0,1.0,0.0
1585,1,0.0,1.0
1586,0,1.0,0.0
1587,1,0.5068309,0.49316913
1588,0,1.0,0.0
1589,0,1.0,0.0
1590,1,0.4,0.6
1591,1,0.0,1.0
1592,1,0.08,0.92
1593,1,0.0,1.0
1594,1,0.0,1.0
1595,1,0.4,0.6
1596,0,1.0,0.0
1597,1,0.0,1.0
1598,1,0.0,1.0
1599,0,1.0,0.0
1600,1,0.0,1.0
1601,0,1.0,0.0
1602,0,1.0,0.0
1603,1,0.4,0.6
1604,0,1.0,0.0
1605,1,0.0,1.0
1606,0,1.0,0.0
1607,1,0.0,1.0
1608,1,0.0,1.0
1609,0,1.0,0.0
1610,0,1.0,0.0
1611,1,0.0,1.0
1612,0,1.0,0.0
1613,1,0.0,1.0
1614,1,0.0,1.0
1615,1,0.0,1.0
1616,1,0.044444446,0.95555556
1617,0,1.0,0.0
1618,1,0.08,0.92
1619,1,0.0,1.0
1620,0,1.0,0.0
1621,1,0.0,1.0
1622,1,0.1,0.9
1623,0,0.9809524,0.01904762
1624,0,0.92941177,0.07058824
1625,0,0.8666667,0.13333334
1626,1,0.0,1.0
1627,0,1.0,0.0
1628,0,0.9529412,0.047058824
1629,0,1.0,0.0
1630,1,0.0,1.0
1631,0,1.0,0.0
1632,0,1.0,0.0
1633,1,0.0,1.0
1634,1,0.0,1.0
1635,1,0.3,0.7
1636,1,0.0,1.0
1637,0,0.6,0.4
1638,0,1.0,0.0
1639,1,0.0,1.0
1640,0,1.0,0.0
1641,1,0.0,1.0
1642,0,1.0,0.0
1643,1,0.0,1.0
1644,0,1.0,0.0
1645,1,0.46616286,0.53383714
1646,0,1.0,0.0
1647,1,0.0,1.0
1648,0,1.0,0.0
1649,1,0.4,0.6
1650,1,0.0,1.0
1651,0,1.0,0.0
1652,0,0.76,0.24
1653,1,0.0,1.0
1654,1,0.0,1.0
1655,0,0.8333333,0.16666667
1656,0,1.0,0.0
1657,1,0.0,1.0
1658,0,1.0,0.0
1659,0,1.0,0.0
1660,1,0.13333334,0.8666667
1661,1,0.4644895,0.53551054
1662,1,0.0,1.0
1663,1,0.0,1.0
1664,1,0.0,1.0
1665,1,0.0,1.0
1666,1,0.06666667,0.93333334
1667,1,0.13333334,0.8666667
1668,0,1.0,0.0
1669,0,0.52616197,0.47383803
1670,0,1.0,0.0
1671,1,0.13333334,0.8666667
1672,0,1.0,0.0
1673,1,0.0,1.0
1674,1,0.0,1.0
1675,1,0.1,0.9
1676,1,0.0,1.0
1677,1,0.16,0.84
1678,1,0.530812,0.46918797
1679,1,0.0,1.0
1680,0,1.0,0.0
1681,1,0.22222222,0.7777778
1682,0,0.84,0.16
1683,1,0.0,1.0
1684,1,0.0,1.0
1685,0,1.0,0.0
1686,1,0.0,1.0
1687,0,1.0,0.0
1688,1,0.0,1.0
1689,0,1.0,0.0
1690,1,0.0,1.0
1691,1,0.0,1.0
1692,1,0.042105265,0.95789474
1693,0,1.0,0.0
1694,0,1.0,0.0
1695,0,0.8666667,0.13333334
1696,0,1.0,0.0
1697,1,0.0,1.0
1698,1,0.0,1.0
1699,0,0.8666667,0.13333334
1700,1,0.0,1.0
1701,1,0.037837837,0.96216214
1702,1,0.0,1.0
1703,1,0.0,1.0
1704,1,0.1,0.9
1705,0,0.94285715,0.057142857
1706,0,1.0,0.0
1707,1,0.0,1.0
1708,1,0.26666668,0.73333335
1709,0,0.92,0.08
1710,0,1.0,0.0
1711,0,1.0,0.0
1712,0,1.0,0.0
1713,0,0.9,0.1
1714,0,1.0,0.0
1715,0,1.0,0.0
1716,0,1.0,0.0
1717,0,1.0,0.0
1718,0,1.0,0.0
1719,0,1.0,0.0
1720,0,1.0,0.0
1721,0,1.0,0.0
1722,0,1.0,0.0
1723,0,0.92,0.08
1724,0,0.76,0.24
1725,0,0.95,0.05
1726,0,1.0,0.0
1727,0,1.0,0.0
1728,1,0.16,0.84
1729,0,1.0,0.0
1730,0,1.0,0.0
1731,0,1.0,0.0
1732,0,1.0,0.0
1733,0,1.0,0.0
1734,0,1.0,0.0
1735,0,1.0,0.0
1736,0,1.0,0.0
1737,0,1.0,0.0
1738,0,1.0,0.0
1739,0,1.0,0.0
1740,0,1.0,0.0
1741,1,0.53972155,0.46027842
1742,0,1.0,0.0
1743,0,1.0,0.0
1744,0,1.0,0.0
1745,0,1.0,0.0
1746,0,0.8666667,0.13333334
1747,0,1.0,0.0
1748,0,1.0,0.0
1749,0,1.0,0.0
1750,0,1.0,0.0
1751,0,1.0,0.0
1752,0,1.0,0.0
1753,0,1.0,0.0
1754,0,1.0,0.0
1755,0,1.0,0.0
1756,0,1.0,0.0
1757,0,1.0,0.0
1758,0,1.0,0.0
1759,0,1.0,0.0
1760,0,1.0,0.0
1761,0,0.8857143,0.114285715
1762,0,1.0,0.0
1763,0,1.0,0.0
1764,1,0.50085706,0.49914294
1765,0,1.0,0.0
1766,0,1.0,0.0
1767,0,1.0,0.0
1768,0,0.8666667,0.13333334
1769,0,1.0,0.0
1770,0,1.0,0.0
1771,0,1.0,0.0
1772,0,1.0,0.0
1773,0,0.93333334,0.06666667
1774,1,0.4,0.6
1775,0,1.0,0.0
1776,0,0.93333334,0.06666667
1777,0,1.0,0.0
1778,0,1.0,0.0
1779,0,1.0,0.0
1780,0,1.0,0.0
1781,0,0.92,0.08
1782,0,1.0,0.0
1783,0,1.0,0.0
1784,0,1.0,0.0
1785,1,0.16,0.84
1786,0,1.0,0.0
1787,0,0.93333334,0.06666667
1788,0,0.8666667,0.13333334
1789,0,0.84,0.16
1790,0,0.8666667,0.13333334
1791,0,0.9,0.1
1792,1,0.536073,0.46392694
1793,1,0.0,1.0
1794,1,0.0,1.0
1795,1,0.0,1.0
1796,1,0.0,1.0
1797,0,0.84,0.16
1798,0,1.0,0.0
1799,1,0.45514786,0.54485214
1800,0,1.0,0.0
1801,0,1.0,0.0
1802,1,0.4,0.6
1803,0,0.9,0.1
1804,0,1.0,0.0
1805,0,1.0,0.0
1806,1,0.0,1.0
1807,1,0.0,1.0
1808,1,0.0,1.0
1809,1,0.0,1.0
1810,1,0.027272727,0.9727273
1811,1,0.0,1.0
1812,1,0.0,1.0
1813,1,0.0,1.0
1814,1,0.0,1.0
1815,1,0.0,1.0
1816,1,0.5090893,0.4909107
1817,1,0.51323056,0.4867694
1818,1,0.1,0.9
1819,1,0.0,1.0
1820,1,0.0,1.0
1821,1,0.0,1.0
1822,1,0.0,1.0
1823,1,0.0,1.0
1824,1,0.0,1.0
1825,1,0.0,1.0
1826,1,0.0,1.0
1827,1,0.0,1.0
1828,1,0.0,1.0
1829,1,0.08,0.92
1830,0,1.0,0.0
1831,0,1.0,0.0
1832,0,1.0,0.0
1833,0,1.0,0.0
1834,0,1.0,0.0
1835,1,0.0,1.0
1836,1,0.0,1.0
1837,1,0.54856503,0.45143494
1838,0,1.0,0.0
1839,0,0.93333334,0.06666667
1840,1,0.26666668,0.73333335
1841,0,1.0,0.0
1842,1,0.12,0.88
1843,0,1.0,0.0
1844,1,0.13333334,0.8666667
1845,1,0.4749292,0.5250708
1846,1,0.08,0.92
1847,0,1.0,0.0
1848,0,0.94285715,0.057142857
1849,1,0.057142857,0.94285715
1850,0,1.0,0.0
1851,1,0.5157613,0.4842387
1852,1,0.5387086,0.46129134
1853,1,0.0,1.0
1854,0,0.6,0.4
1855,1,0.0,1.0
1856,0,0.92,0.08
1857,1,0.13333334,0.8666667
1858,1,0.0,1.0
1859,1,0.0,1.0
1860,1,0.0,1.0
1861,1,0.0,1.0
1862,1,0.0,1.0
1863,1,0.0,1.0
1864,1,0.0,1.0
1865,1,0.0,1.0
1866,1,0.0,1.0
1867,1,0.0,1.0
1868,1,0.0,1.0
1869,1,0.0,1.0
1870,1,0.0,1.0
1871,1,0.45069522,0.5493048
1872,1,0.0,1.0
1873,1,0.0,1.0
1874,1,0.0,1.0
1875,1,0.0,1.0
1876,1,0.0,1.0
1877,1,0.0,1.0
1878,1,0.13333334,0.8666667
1879,1,0.1,0.9
1880,1,0.1,0.9
1881,1,0.0,1.0
1882,1,0.08,0.92
1883,1,0.0,1.0
1884,1,0.0,1.0
1885,1,0.0,1.0
1886,0,1.0,0.0
1887,0,1.0,0.0
1888,0,1.0,0.0
1889,1,0.044444446,0.95555556
1890,1,0.0,1.0
1891,1,0.0,1.0
1892,0,0.8666667,0.13333334
1893,1,0.0,1.0
1894,1,0.08571429,0.9142857
1895,0,0.5225956,0.47740445
1896,1,0.0,1.0
1897,1,0.0,1.0
1898,1,0.1,0.9
1899,1,0.0,1.0
1900,1,0.0,1.0
1901,1,0.0,1.0
1902,1,0.0,1.0
1903,1,0.0,1.0
1904,1,0.0,1.0
1905,0,0.6,0.4
1906,1,0.08,0.92
1907,1,0.15,0.85
1908,1,0.17142858,0.82857144
1909,0,0.51331013,0.48668987
1910,0,1.0,0.0
1911,1,0.2,0.8
1912,0,0.76,0.24
1913,0,1.0,0.0
1914,1,0.038709678,0.9612903
1915,1,0.0,1.0
1916,1,0.13333334,0.8666667
1917,1,0.0,1.0
1918,1,0.0,1.0
1919,1,0.06666667,0.93333334
1920,0,0.73333335,0.26666668
1921,0,0.8666667,0.13333334
1922,0,1.0,0.0
1923,0,1.0,0.0
1924,1,0.26666668,0.73333335
1925,0,1.0,0.0
1926,0,0.94285715,0.057142857
1927,0,0.9076923,0.092307694
1928,1,0.08,0.92
1929,1,0.4722108,0.52778924
1930,0,0.46134734,0.53865266
1931,1,0.0,1.0
1932,1,0.0,1.0
1933,1,0.0,1.0
1934,1,0.0,1.0
1935,1,0.0,1.0
1936,1,0.0,1.0
1937,1,0.50107473,0.49892527
1938,1,0.0,1.0
1939,1,0.0,1.0
1940,1,0.0,1.0
1941,1,0.0,1.0
1942,1,0.0,1.0
1943,1,0.0,1.0
1944,1,0.0,1.0
1945,1,0.0,1.0
1946,1,0.0,1.0
1947,1,0.0,1.0
1948,1,0.0,1.0
1949,1,0.0,1.0
1950,1,0.0,1.0
1951,1,0.0,1.0
1952,1,0.0,1.0
1953,1,0.0,1.0
1954,1,0.0,1.0
1955,1,0.0,1.0
1956,1,0.0,1.0
1957,1,0.0,1.0
1958,1,0.0,1.0
1959,1,0.0,1.0
1960,1,0.0,1.0
1961,1,0.0,1.0
1962,1,0.0,1.0
1963,1,0.0,1.0
1964,1,0.0,1.0
1965,1,0.0,1.0
1966,1,0.033333335,0.96666664
1967,1,0.0,1.0
1968,1,0.0,1.0
1969,1,0.0,1.0
1970,1,0.0,1.0
1971,1,0.0,1.0
1972,1,0.13333334,0.8666667
1973,1,0.08,0.92
1974,1,0.0,1.0
1975,1,0.057142857,0.94285715
1976,1,0.13333334,0.8666667
1977,1,0.53353024,0.46646976
1978,1,0.08,0.92
1979,1,0.0,1.0
1980,1,0.0,1.0
1981,0,0.73333335,0.26666668
1982,1,0.0,1.0
1983,0,0.7,0.3
1984,1,0.08,0.92
1985,1,0.53172225,0.46827778
1986,1,0.073846154,0.92615384
1987,1,0.0,1.0
1988,1,0.0,1.0
1989,0,0.50296503,0.49703494
1990,0,0.6,0.4
1991,0,0.51496327,0.4850367
1992,1,0.0,1.0
1993,1,0.0,1.0
1994,1,0.0,1.0
1995,1,0.1,0.9
1996,1,0.0,1.0
1997,1,0.0,1.0
1998,1,0.25,0.75
1999,1,0.0,1.0
2000,1,0.0,1.0
2001,1,0.0,1.0
2002,1,0.0,1.0
2003,1,0.0,1.0
2004,1,0.0,1.0
2005,1,0.0,1.0
2006,1,0.0,1.0
2007,1,0.0,1.0
2008,1,0.13333334,0.8666667
2009,1,0.08,0.92
2010,0,0.9,0.1
2011,1,0.26666668,0.73333335
2012,1,0.48677832,0.5132217
2013,1,0.5145173,0.48548272
2014,1,0.4,0.6
2015,1,0.26666668,0.73333335
2016,0,0.92,0.08
2017,1,0.16,0.84
2018,0,0.82857144,0.17142858
2019,0,0.8,0.2
2020,1,0.52464914,0.47535086
2021,0,0.92,0.08
2022,1,0.13333334,0.8666667
2023,1,0.13333334,0.8666667
2024,1,0.26666668,0.73333335
2025,0,0.8333333,0.16666667
2026,0,1.0,0.0
2027,1,0.46100518,0.5389948
2028,1,0.4,0.6
2029,1,0.0,1.0
2030,1,0.0,1.0
2031,1,0.0,1.0
2032,1,0.0,1.0
2033,1,0.0,1.0
2034,1,0.02,0.98
2035,1,0.13333334,0.8666667
2036,1,0.0,1.0
2037,1,0.0,1.0
2038,1,0.0,1.0
2039,1,0.0,1.0
2040,1,0.0,1.0
2041,1,0.0,1.0
2042,1,0.0,1.0
2043,1,0.0,1.0
2044,1,0.0,1.0
2045,0,0.95,0.05
2046,0,1.0,0.0
2047,0,1.0,0.0
2048,0,1.0,0.0
2049,0,1.0,0.0
2050,1,0.0,1.0
2051,0,1.0,0.0
2052,0,1.0,0.0
2053,0,1.0,0.0
2054,0,1.0,0.0
2055,0,1.0,0.0
2056,0,1.0,0.0
2057,0,1.0,0.0
2058,1,0.26666668,0.73333335
2059,0,0.93333334,0.06666667
2060,1,0.0,1.0
2061,1,0.0,1.0
2062,1,0.0,1.0
2063,1,0.0,1.0
2064,1,0.0,1.0
2065,1,0.0,1.0
2066,1,0.0,1.0
2067,1,0.0,1.0
2068,0,0.8666667,0.13333334
2069,0,0.73333335,0.26666668
2070,0,0.73333335,0.26666668
2071,0,0.49271077,0.50728923
2072,0,1.0,0.0
2073,0,1.0,0.0
2074,0,1.0,0.0
2075,1,0.0,1.0
2076,1,0.0,1.0
2077,1,0.0,1.0
2078,1,0.3,0.7
2079,0,0.8666667,0.13333334
2080,0,0.96,0.04
2081,0,1.0,0.0
2082,0,1.0,0.0
2083,0,1.0,0.0
2084,0,1.0,0.0
2085,0,1.0,0.0
2086,0,1.0,0.0
2087,0,1.0,0.0
2088,0,1.0,0.0
2089,0,1.0,0.0
2090,0,1.0,0.0
2091,1,0.13333334,0.8666667
2092,0,1.0,0.0
2093,0,1.0,0.0
2094,0,0.93333334,0.06666667
2095,0,1.0,0.0
2096,0,1.0,0.0
2097,0,0.9,0.1
2098,0,1.0,0.0
2099,0,0.7,0.3
2100,1,0.0,1.0
2101,1,0.0,1.0
2102,1,0.13333334,0.8666667
2103,1,0.13333334,0.8666667
2104,1,0.0,1.0
2105,1,0.0,1.0
2106,0,1.0,0.0
2107,0,1.0,0.0
2108,1,0.2,0.8
2109,1,0.0,1.0
2110,1,0.0,1.0
2111,1,0.4,0.6
2112,1,0.06666667,0.93333334
2113,0,0.93333334,0.06666667
2114,1,0.08,0.92
2115,1,0.0,1.0
2116,0,0.5048734,0.49512663
2117,1,0.0,1.0
2118,1,0.0,1.0
2119,1,0.0,1.0
2120,1,0.0,1.0
2121,1,0.0,1.0
2122,1,0.0,1.0
2123,1,0.0,1.0
2124,1,0.0,1.0
2125,1,0.0,1.0
2126,1,0.0,1.0
2127,1,0.0,1.0
2128,1,0.0,1.0
2129,1,0.0,1.0
2130,1,0.0,1.0
2131,0,0.8666667,0.13333334
2132,1,0.0,1.0
2133,0,0.94285715,0.057142857
2134,1,0.0,1.0
2135,1,0.0,1.0
2136,0,0.7,0.3
2137,0,0.6,0.4
2138,1,0.13333334,0.8666667
2139,1,0.0,1.0
2140,1,0.0,1.0
2141,1,0.0,1.0
2142,1,0.0,1.0
2143,0,1.0,0.0
2144,0,1.0,0.0
2145,0,0.9,0.1
2146,1,0.0,1.0
2147,1,0.0,1.0
2148,1,0.0,1.0
2149,1,0.0,1.0
2150,1,0.54624474,0.45375526
2151,1,0.13333334,0.8666667
2152,1,0.47897515,0.5210249
2153,1,0.26666668,0.73333335
2154,1,0.1,0.9
2155,0,0.8352941,0.16470589
2156,0,0.9,0.1
2157,1,0.0,1.0
2158,1,0.0,1.0
2159,1,0.0,1.0
2160,1,0.0,1.0
2161,1,0.0,1.0
2162,1,0.16,0.84
2163,1,0.0,1.0
2164,1,0.0,1.0
2165,1,0.13333334,0.8666667
2166,1,0.0,1.0
2167,0,1.0,0.0
2168,0,1.0,0.0
2169,0,1.0,0.0
2170,0,1.0,0.0
2171,0,1.0,0.0
2172,0,1.0,0.0
2173,1,0.0,1.0
2174,1,0.0,1.0
2175,0,0.68,0.32
2176,1,0.05,0.95
2177,1,0.0,1.0
2178,1,0.114285715,0.8857143
2179,0,1.0,0.0
2180,0,1.0,0.0
2181,0,1.0,0.0
2182,0,1.0,0.0
2183,0,1.0,0.0
2184,1,0.0,1.0
2185,1,0.0,1.0
2186,0,0.84,0.16
2187,1,0.0,1.0
2188,1,0.0,1.0
2189,0,0.48008782,0.5199122
2190,1,0.0,1.0
2191,1,0.0,1.0
2192,1,0.0,1.0
2193,0,1.0,0.0
2194,0,1.0,0.0
2195,0,0.7,0.3
2196,0,1.0,0.0
2197,0,1.0,0.0
2198,0,1.0,0.0
2199,0,1.0,0.0
2200,0,1.0,0.0
2201,0,1.0,0.0
2202,0,1.0,0.0
2203,0,1.0,0.0
2204,1,0.0,1.0
2205,1,0.0,1.0
2206,1,0.0,1.0
2207,1,0.0,1.0
2208,0,1.0,0.0
2209,1,0.0,1.0
2210,0,1.0,0.0
2211,0,0.47848403,0.52151597
2212,1,0.0,1.0
2213,1,0.0,1.0
2214,1,0.0,1.0
2215,1,0.1,0.9
2216,1,0.057142857,0.94285715
2217,1,0.0,1.0
2218,0,0.51364106,0.48635897
2219,0,1.0,0.0
2220,0,1.0,0.0
2221,0,1.0,0.0
2222,1,0.0,1.0
2223,1,0.0,1.0
2224,1,0.0,1.0
2225,1,0.0,1.0
2226,1,0.0,1.0
2227,1,0.0,1.0
2228,1,0.06666667,0.93333334
2229,1,0.13333334,0.8666667
2230,1,0.1,0.9
2231,0,0.4637521,0.5362479
2232,0,1.0,0.0
2233,0,1.0,0.0
2234,0,1.0,0.0
2235,1,0.0,1.0
2236,1,0.0,1.0
2237,1,0.0,1.0
2238,1,0.0,1.0
2239,1,0.0,1.0
2240,1,0.0,1.0
2241,1,0.0,1.0
2242,1,0.0,1.0
2243,1,0.08,0.92
2244,1,0.0,1.0
2245,1,0.5400418,0.4599582
2246,0,0.6,0.4
2247,1,0.057142857,0.94285715
2248,1,0.0,1.0
2249,1,0.0,1.0
2250,1,0.0,1.0
2251,0,1.0,0.0
2252,0,1.0,0.0
2253,1,0.0,1.0
2254,0,1.0,0.0
2255,0,1.0,0.0
2256,1,0.5377339,0.46226606
2257,0,0.6,0.4
2258,1,0.0,1.0
2259,1,0.0,1.0
2260,1,0.0,1.0
2261,1,0.53492236,0.46507767
2262,1,0.0,1.0
2263,1,0.13333334,0.8666667
2264,1,0.4,0.6
2265,1,0.0,1.0
2266,0,1.0,0.0
2267,0,1.0,0.0
2268,0,0.73333335,0.26666668
2269,1,0.0,1.0
2270,1,0.0,1.0
2271,1,0.0,1.0
2272,1,0.0,1.0
2273,1,0.0,1.0
2274,0,0.73333335,0.26666668
2275,1,0.0,1.0
2276,1,0.0,1.0
2277,0,1.0,0.0
2278,1,0.0,1.0
2279,0,1.0,0.0
2280,0,0.92,0.08
2281,1,0.0,1.0
2282,1,0.06666667,0.93333334
2283,1,0.0,1.0
2284,1,0.0,1.0
2285,1,0.1,0.9
2286,1,0.0,1.0
2287,1,0.0,1.0
2288,1,0.0,1.0
2289,1,0.0,1.0
2290,1,0.0,1.0
2291,0,0.82222223,0.17777778
2292,1,0.4,0.6
2293,0,0.8666667,0.13333334
2294,1,0.54296976,0.45703024
2295,0,0.92,0.08
2296,1,0.0,1.0
2297,1,0.0,1.0
2298,1,0.0,1.0
2299,1,0.0,1.0
2300,0,0.6,0.4
2301,1,0.5270967,0.47290328
2302,1,0.52798754,0.47201246
2303,1,0.13333334,0.8666667
2304,1,0.1,0.9
2305,1,0.06666667,0.93333334
2306,1,0.0,1.0
2307,0,0.8666667,0.13333334
2308,1,0.1,0.9
2309,1,0.1,0.9
2310,1,0.47786465,0.5221354
2311,0,1.0,0.0
2312,0,0.45936748,0.54063255
2313,0,0.4516588,0.5483412
2314,1,0.5142032,0.48579684
2315,1,0.0,1.0
2316,1,0.0,1.0
2317,1,0.0,1.0
2318,0,0.5424694,0.45753065
2319,0,0.73333335,0.26666668
2320,1,0.50187904,0.49812093
2321,0,1.0,0.0
2322,0,1.0,0.0
2323,1,0.46078914,0.53921086
2324,0,1.0,0.0
2325,0,1.0,0.0
2326,0,0.45368868,0.5463113
2327,0,0.9,0.1
2328,0,1.0,0.0
2329,0,0.93333334,0.06666667
2330,0,1.0,0.0
2331,0,1.0,0.0
2332,0,0.8666667,0.13333334
2333,0,1.0,0.0
2334,0,1.0,0.0
2335,1,0.0,1.0
2336,1,0.0,1.0
2337,1,0.0,1.0
2338,1,0.0,1.0
2339,1,0.0,1.0
2340,1,0.0,1.0
2341,1,0.0,1.0
2342,0,1.0,0.0
2343,1,0.0,1.0
2344,1,0.1,0.9
2345,1,0.0,1.0
2346,1,0.0,1.0
2347,0,0.8666667,0.13333334
2348,1,0.0,1.0
2349,1,0.0,1.0
2350,1,0.0,1.0
2351,1,0.0,1.0
2352,1,0.0,1.0
2353,1,0.0,1.0
2354,1,0.0,1.0
2355,1,0.26666668,0.73333335
2356,0,0.68,0.32
2357,1,0.16,0.84
2358,1,0.08,0.92
2359,0,0.92727274,0.07272727
2360,0,0.51775646,0.48224357
2361,1,0.4,0.6
2362,1,0.0,1.0
2363,1,0.0,1.0
2364,0,1.0,0.0
2365,0,1.0,0.0
2366,0,1.0,0.0
2367,1,0.0,1.0
2368,1,0.0,1.0
2369,1,0.0,1.0
2370,1,0.0,1.0
2371,1,0.0,1.0
2372,0,1.0,0.0
2373,1,0.0,1.0
2374,1,0.0,1.0
2375,1,0.0,1.0
2376,1,0.0,1.0
2377,0,1.0,0.0
2378,1,0.0,1.0
2379,1,0.0,1.0
2380,1,0.0,1.0
2381,1,0.0,1.0
2382,1,0.13333334,0.8666667
2383,1,0.0,1.0
2384,0,1.0,0.0
2385,1,0.0,1.0
2386,1,0.0,1.0
2387,1,0.0,1.0
2388,1,0.06666667,0.93333334
2389,0,1.0,0.0
2390,0,1.0,0.0
2391,0,1.0,0.0
2392,0,1.0,0.0
2393,1,0.0,1.0
2394,1,0.05,0.95
2395,1,0.0,1.0
2396,1,0.0,1.0
2397,1,0.0,1.0
2398,1,0.0,1.0
2399,1,0.0,1.0
2400,1,0.0,1.0
2401,1,0.0,1.0
2402,0,0.6,0.4
2403,1,0.51918954,0.4808105
2404,0,1.0,0.0
2405,1,0.0,1.0
2406,1,0.0,1.0
2407,1,0.0,1.0
2408,0,1.0,0.0
2409,0,0.6,0.4
2410,1,0.0,1.0
2411,1,0.0,1.0
2412,1,0.0,1.0
2413,1,0.26666668,0.73333335
2414,1,0.0,1.0
2415,0,0.8666667,0.13333334
2416,1,0.4814356,0.5185644
2417,1,0.0,1.0
2418,0,0.93333334,0.06666667
2419,0,1.0,0.0
2420,1,0.0,1.0
2421,0,1.0,0.0
2422,1,0.51635015,0.48364982
2423,1,0.46865702,0.531343
2424,0,1.0,0.0
2425,1,0.24,0.76
2426,1,0.0,1.0
2427,1,0.0,1.0
2428,1,0.0,1.0
2429,0,0.6,0.4
2430,1,0.0,1.0
2431,1,0.0,1.0
2432,1,0.0,1.0
2433,0,1.0,0.0
2434,1,0.0,1.0
2435,1,0.0,1.0
2436,1,0.5106429,0.48935708
2437,1,0.0,1.0
2438,1,0.0,1.0
2439,0,1.0,0.0
2440,0,1.0,0.0
2441,0,1.0,0.0
2442,0,1.0,0.0
2443,0,1.0,0.0
2444,0,1.0,0.0
2445,0,1.0,0.0
2446,0,1.0,0.0
2447,0,1.0,0.0
2448,0,1.0,0.0
2449,0,1.0,0.0
2450,0,0.96666664,0.033333335
2451,0,1.0,0.0
2452,0,1.0,0.0
2453,0,1.0,0.0
2454,1,0.0,1.0
2455,1,0.0,1.0
2456,1,0.4,0.6
2457,1,0.0,1.0
2458,1,0.0,1.0
2459,1,0.4,0.6
2460,0,1.0,0.0
2461,1,0.0,1.0
2462,1,0.0,1.0
2463,1,0.0,1.0
2464,1,0.0,1.0
2465,1,0.0,1.0
2466,0,1.0,0.0
2467,1,0.0,1.0
2468,1,0.0,1.0
2469,0,1.0,0.0
2470,0,1.0,0.0
2471,1,0.0,1.0
2472,0,0.8666667,0.13333334
2473,1,0.0,1.0
2474,1,0.0,1.0
2475,1,0.0,1.0
2476,0,1.0,0.0
2477,1,0.0,1.0
2478,0,1.0,0.0
2479,1,0.0,1.0
2480,1,0.0,1.0
2481,1,0.0,1.0
2482,1,0.0,1.0
2483,1,0.0,1.0
2484,1,0.0,1.0
2485,1,0.0,1.0
2486,1,0.0,1.0
2487,0,1.0,0.0
2488,0,1.0,0.0
2489,1,0.0,1.0
2490,1,0.457698,0.542302
2491,1,0.0,1.0
2492,0,1.0,0.0
2493,1,0.0,1.0
2494,1,0.0,1.0
2495,1,0.0,1.0
2496,1,0.0,1.0
2497,1,0.0,1.0
2498,1,0.0,1.0
2499,0,1.0,0.0
2500,1,0.0,1.0
2501,1,0.0,1.0
2502,0,1.0,0.0
2503,0,1.0,0.0
2504,0,1.0,0.0
2505,0,1.0,0.0
2506,1,0.0,1.0
2507,0,1.0,0.0
2508,1,0.0,1.0
2509,1,0.0,1.0
2510,1,0.0,1.0
2511,0,1.0,0.0
2512,0,1.0,0.0
2513,1,0.0,1.0
2514,0,1.0,0.0
2515,0,1.0,0.0
2516,1,0.0,1.0
2517,1,0.0,1.0
2518,1,0.0,1.0
2519,1,0.0,1.0
2520,1,0.0,1.0
2521,1,0.0,1.0
2522,0,1.0,0.0
2523,0,1.0,0.0
2524,1,0.0,1.0
2525,0,1.0,0.0
2526,1,0.0,1.0
2527,1,0.0,1.0
2528,1,0.0,1.0
2529,1,0.0,1.0
2530,0,1.0,0.0
2531,1,0.0,1.0
2532,0,1.0,0.0
2533,0,0.6,0.4
2534,1,0.0,1.0
2535,1,0.0,1.0
2536,1,0.0,1.0
2537,1,0.0,1.0
2538,1,0.0,1.0
2539,1,0.0,1.0
2540,1,0.0,1.0
2541,1,0.0,1.0
2542,1,0.0,1.0
2543,1,0.0,1.0
2544,0,1.0,0.0
2545,0,1.0,0.0
2546,0,0.52132446,0.4786755
2547,1,0.0,1.0
2548,1,0.0,1.0
2549,1,0.0,1.0
2550,1,0.0,1.0
2551,1,0.0,1.0
2552,1,0.0,1.0
2553,1,0.08,0.92
2554,0,1.0,0.0
2555,1,0.0,1.0
2556,0,1.0,0.0
2557,0,1.0,0.0
2558,0,1.0,0.0
2559,1,0.0,1.0
2560,0,1.0,0.0
2561,0,1.0,0.0
2562,0,1.0,0.0
2563,1,0.0,1.0
2564,1,0.0,1.0
2565,1,0.0,1.0
2566,1,0.0,1.0
2567,1,0.0,1.0
2568,1,0.0,1.0
2569,1,0.0,1.0
2570,1,0.0,1.0
2571,1,0.0,1.0
2572,1,0.0,1.0
2573,1,0.0,1.0
2574,1,0.0,1.0
2575,0,1.0,0.0
2576,0,1.0,0.0
2577,1,0.0,1.0
2578,0,0.45931026,0.5406897
2579,1,0.0,1.0
2580,0,0.9,0.1
2581,0,1.0,0.0
2582,1,0.0,1.0
2583,1,0.0,1.0
2584,0,1.0,0.0
2585,0,1.0,0.0
2586,1,0.0,1.0
2587,1,0.0,1.0
2588,1,0.0,1.0
2589,1,0.0,1.0
2590,1,0.0,1.0
2591,0,1.0,0.0
2592,1,0.0,1.0
2593,1,0.0,1.0
2594,1,0.0,1.0
2595,1,0.0,1.0
2596,0,1.0,0.0
2597,0,1.0,0.0
2598,0,1.0,0.0
2599,1,0.0,1.0
2600,1,0.0,1.0
2601,1,0.0,1.0
2602,1,0.0,1.0
2603,1,0.0,1.0
2604,1,0.0,1.0
2605,1,0.0,1.0
2606,1,0.0,1.0
2607,1,0.4,0.6
2608,1,0.0,1.0
2609,1,0.0,1.0
2610,1,0.0,1.0
2611,1,0.0,1.0
2612,0,1.0,0.0
2613,1,0.0,1.0
2614,0,1.0,0.0
2615,1,0.0,1.0
2616,0,1.0,0.0
2617,1,0.0,1.0
2618,0,1.0,0.0
2619,0,1.0,0.0
2620,0,1.0,0.0
2621,1,0.0,1.0
2622,1,0.0,1.0
2623,1,0.0,1.0
2624,1,0.0,1.0
2625,1,0.0,1.0
2626,1,0.0,1.0
2627,0,1.0,0.0
2628,1,0.0,1.0
2629,1,0.0,1.0
2630,1,0.0,1.0
2631,1,0.0,1.0
2632,1,0.0,1.0
2633,1,0.0,1.0
2634,1,0.0,1.0
2635,1,0.0,1.0
2636,1,0.0,1.0
2637,1,0.0,1.0
2638,1,0.0,1.0
2639,0,1.0,0.0
2640,1,0.0,1.0
2641,0,1.0,0.0
2642,0,1.0,0.0
2643,0,1.0,0.0
2644,1,0.0,1.0
2645,1,0.0,1.0
2646,1,0.0,1.0
2647,1,0.0,1.0
2648,1,0.0,1.0
2649,1,0.0,1.0
2650,1,0.0,1.0
2651,0,1.0,0.0
2652,0,1.0,0.0
2653,0,0.5203019,0.4796981
2654,0,1.0,0.0
2655,0,1.0,0.0
2656,0,1.0,0.0
2657,0,1.0,0.0
2658,0,1.0,0.0
2659,1,0.0,1.0
2660,1,0.0,1.0
2661,1,0.0,1.0
2662,1,0.0,1.0
2663,1,0.0,1.0
2664,1,0.0,1.0
2665,1,0.0,1.0
2666,1,0.0,1.0
2667,1,0.0,1.0
2668,1,0.0,1.0
2669,1,0.0,1.0
2670,1,0.0,1.0
2671,1,0.0,1.0
2672,1,0.0,1.0
2673,1,0.0,1.0
2674,1,0.0,1.0
2675,1,0.0,1.0
2676,1,0.0,1.0
2677,1,0.0,1.0
2678,1,0.0,1.0
2679,1,0.0,1.0
2680,1,0.0,1.0
2681,1,0.0,1.0
2682,1,0.0,1.0
2683,1,0.0,1.0
2684,1,0.0,1.0
2685,0,1.0,0.0
2686,1,0.0,1.0
2687,1,0.0,1.0
2688,1,0.0,1.0
2689,0,0.48677158,0.5132284
2690,1,0.0,1.0
2691,0,1.0,0.0
2692,1,0.0,1.0
2693,1,0.0,1.0
2694,1,0.0,1.0
2695,1,0.0,1.0
2696,1,0.0,1.0
2697,1,0.0,1.0
2698,1,0.0,1.0
2699,1,0.0,1.0
2700,1,0.0,1.0
2701,1,0.0,1.0
2702,0,1.0,0.0
2703,1,0.0,1.0
2704,1,0.0,1.0
2705,1,0.0,1.0
2706,1,0.0,1.0
2707,1,0.0,1.0
